Tier 1 Completion,,,,,,Tier 2 Completion,,,,,,Tier 3 Completion,,,,,,Tier 4 Completion,,,,,,Tier 5 Completion,,,,,
,Main Game, Mind Bender, e60, nblox,,,Main Game, Mind Bender, e60, nblox,,,Main Game, Mind Bender, e60, nblox,,,Main Game, Mind Bender, e60, nblox,,,Main Game, Mind Bender, e60, nblox,
GrBtAce,✓,✓,✓,✓,,GrBtAce,✓,✓,✓,✓,,GrBtAce,✓,✓,✓,✓,,GrBtAce,✓,✓,✓,✓,,GrBtAce,✓,X,X,X,
598,✓,✓,✓,✓,,598,✓,✓,✓,✓,,598,✓,✓,✓,✓,,598,✓,✓,✓,✓,,598,X,X,✓,X,
Ponix,✓,✓,✓,✓,,Ponix,✓,✓,✓,✓,,Ponix,✓,✓,✓,✓,,Ponix,X,✓,X,X,,teeks,X,X,✓,X,
wang10057,✓,✓,✓,✓,,wang10057,✓,✓,✓,✓,,wang10057,X,X,✓,✓,,wang10057,X,X,✓,X,,Hepta,X,X,X,✓,
teeks,✓,✓,✓,✓,,teeks,✓,✓,✓,✓,,teeks,X,✓,✓,X,,teeks,X,✓,✓,X,,,,,,
Geometris217,✓,✓,✓,✓,,Geometris217,✓,✓,✓,✓,,Geometris217,X,✓,✓,X,,Geometris217,X,X,✓,X,,,,,,
Denver,✓,✓,✓,✓,,Denver,✓,✓,✓,X,,Denver,✓,X,X,X,,Denver,✓,X,X,X,,,,,,
Algebruh,✓,✓,✓,✓,,Algebruh,X,✓,✓,✓,,Algebruh,X,X,✓,✓,,Algebruh,X,X,✓,✓,,,,,,
Shaheenbekk,✓,✓,✓,✓,,Shaheenbekk,✓,X,X,✓,,Hepta,X,X,X,✓,,Hepta,X,X,X,✓,,,,,,
Hepta,✓,✓,✓,✓,,Hepta,X,X,✓,✓,,Creative Name,✓,X,X,X,,Creative Name,✓,X,X,X,,,,,,
Creative Name,✓,✓,✓,✓,,Creative Name,✓,✓,X,X,,Tiger Ros,✓,✓,X,X,,Tiger Ros,✓,X,X,X,,,,,,
Tiger Ros,✓,✓,✓,X,,Tiger Ros,✓,✓,✓,X,,Peng,✓,X,X,X,,TheDaved,✓,X,X,X,,,,,,
Peng,✓,✓,X,✓,,Peng,✓,✓,X,X,,-Error404-,X,✓,X,X,,Cahase,✓,X,X,X,,,,,,
LeGlaude,✓,✓,✓,X,,LeGlaude,✓,X,X,X,,zactodd,✓,X,X,X,,SevenEs,✓,X,X,X,,,,,,
Cheez,X,✓,✓,✓,,Cheez,X,X,X,✓,,TheDaved,✓,X,X,X,,RainZI,✓,X,X,X,,,,,,
-Error404-,X,✓,✓,✓,,-Error404-,X,✓,X,X,,Pentag,✓,✓,X,X,,FrothyPizza,✓,X,X,X,,,,,,
zactodd,✓,✓,X,X,,zactodd,✓,✓,X,X,,Cahase,✓,X,X,X,,DAGU3M3NG,✓,X,X,X,,,,,,
xp2,✓,✓,X,X,,Tyranno5,✓,X,X,X,,Supershocky,✓,X,X,X,,49083852,✓,X,X,X,,,,,,
Tyranno5,✓,✓,X,X,,TheDaved,✓,X,X,X,,Sigs,✓,X,X,X,,,,,,,,,,,
TurtwigGrookey25,✓,✓,X,X,,søki,✓,X,X,X,,SevenEs,✓,X,X,X,,,,,,,,,,,
TheDaved,✓,✓,X,X,,SundayLee,✓,✓,X,X,,RainZI,✓,X,X,X,,,,,,,,,,,
søki,✓,✓,X,X,,Pentag,✓,✓,X,X,,Jeme,✓,X,X,X,,,,,,,,,,,
SundayLee,✓,✓,X,X,,Illudiot,✓,✓,X,X,,geosyog,✓,X,X,X,,,,,,,,,,,
Pentag,✓,✓,X,X,,Hazelnutmilk,X,X,X,✓,,FrothyPizza,✓,X,X,X,,,,,,,,,,,
Mooing,✓,✓,X,X,,Draedon,✓,✓,X,X,,DAGU3M3NG,✓,X,X,X,,,,,,,,,,,
LukasDrakon,X,✓,✓,X,,CoolOblivion759,X,X,✓,X,,49083852,✓,X,X,X,,,,,,,,,,,
Illudiot,✓,✓,X,X,,Cahase,✓,X,X,X,,,,,,,,,,,,,,,,
Hazelnutmilk,X,✓,X,✓,,Baron,✓,X,X,X,,,,,,,,,,,,,,,,
Fredu5,✓,✓,X,X,,aPiano,✓,✓,X,X,,,,,,,,,,,,,,,,
Draedon,✓,✓,X,X,,Tyger2k,✓,X,X,X,,,,,,,,,,,,,,,,
CoolOblivion759,X,✓,✓,X,,Supershocky,✓,X,X,X,,,,,,,,,,,,,,,,
Cashew,X,✓,✓,X,,Sigs,✓,X,X,X,,,,,,,,,,,,,,,,
Cahase,✓,X,✓,X,,SevenEs,✓,X,X,X,,,,,,,,,,,,,,,,
Baron,✓,X,✓,X,,RunningOutRate/アガラナイの滝,✓,X,X,X,,,,,,,,,,,,,,,,
aPiano,✓,✓,X,X,,Robbie,✓,X,X,X,,,,,,,,,,,,,,,,
Zach Snider,✓,X,X,X,,RainZI,✓,X,X,X,,,,,,,,,,,,,,,,
Yimbyx,X,✓,X,X,,NKS,✓,X,X,X,,,,,,,,,,,,,,,,
YanFCS,X,✓,X,X,,Nilgiri,✓,X,X,X,,,,,,,,,,,,,,,,
woeisme2,✓,X,X,X,,Nightmare,✓,X,X,X,,,,,,,,,,,,,,,,
willycel123,X,✓,X,X,,mhimmel2100,✓,X,X,X,,,,,,,,,,,,,,,,
u/0987user,✓,X,X,X,,Marcus,✓,X,X,X,,,,,,,,,,,,,,,,
Tyger2k,✓,X,X,X,,macnmath,✓,X,X,X,,,,,,,,,,,,,,,,
TSTman,✓,X,X,X,,Kelvin,✓,X,X,X,,,,,,,,,,,,,,,,
Translate Conversation,X,✓,X,X,,jshawty,✓,X,X,X,,,,,,,,,,,,,,,,
towtE,✓,X,X,X,,Jeme,✓,X,X,X,,,,,,,,,,,,,,,,
swng,✓,X,X,X,,izzyfrbi,✓,X,X,X,,,,,,,,,,,,,,,,
Supershocky,✓,X,X,X,,Irish Wristwatch,✓,X,X,X,,,,,,,,,,,,,,,,
subway,X,✓,X,X,,Grim9898,✓,X,X,X,,,,,,,,,,,,,,,,
Starline,✓,X,X,X,,geosyog,✓,X,X,X,,,,,,,,,,,,,,,,
snebr,X,✓,X,X,,funkynuts5000,✓,X,X,X,,,,,,,,,,,,,,,,
Sigs,✓,X,X,X,,FumeNeko,X,✓,X,X,,,,,,,,,,,,,,,,
SF,✓,X,X,X,,FrothyPizza,✓,X,X,X,,,,,,,,,,,,,,,,
SevenEs,✓,X,X,X,,Fortissim2,✓,X,X,X,,,,,,,,,,,,,,,,
RunningOutRate/アガラナイの滝,✓,X,X,X,,famijoku,✓,X,X,X,,,,,,,,,,,,,,,,
rtxile,✓,X,X,X,,evros chris,✓,X,X,X,,,,,,,,,,,,,,,,
Robbie,✓,X,X,X,,Error404,✓,X,X,X,,,,,,,,,,,,,,,,
Rankail ,X,✓,X,X,,ellpArM,✓,X,X,X,,,,,,,,,,,,,,,,
Rankail,X,X,✓,X,,Demoniction,X,X,✓,X,,,,,,,,,,,,,,,,
Randyx210,X,✓,X,X,,DAGU3M3NG,✓,X,X,X,,,,,,,,,,,,,,,,
RainZI,✓,X,X,X,,Conman,✓,X,X,X,,,,,,,,,,,,,,,,
Qui-Gon Jim,✓,X,X,X,,bacchess,✓,X,X,X,,,,,,,,,,,,,,,,
Piano,✓,X,X,X,,49083852,✓,X,X,X,,,,,,,,,,,,,,,,
Okey__Dokey,✓,X,X,X,,,,,,,,,,,,,,,,,,,,,
NKS,✓,X,X,X,,,,,,,,,,,,,,,,,,,,,
Nilgiri,✓,X,X,X,,,,,,,,,,,,,,,,,,,,,
Nightmare,✓,X,X,X,,,,,,,,,,,,,,,,,,,,,
Mokdad,✓,X,X,X,,,,,,,,,,,,,,,,,,,,,
mhimmel2100,✓,X,X,X,,,,,,,,,,,,,,,,,,,,,
Master101,✓,X,X,X,,,,,,,,,,,,,,,,,,,,,
mariofan9,✓,X,X,X,,,,,,,,,,,,,,,,,,,,,
Marcus,✓,X,X,X,,,,,,,,,,,,,,,,,,,,,
Madkiwi,✓,X,X,X,,,,,,,,,,,,,,,,,,,,,
macnmath,✓,X,X,X,,,,,,,,,,,,,,,,,,,,,
Lantern108,X,✓,X,X,,,,,,,,,,,,,,,,,,,,,
KonSola5,✓,X,X,X,,,,,,,,,,,,,,,,,,,,,
Kelvin,✓,X,X,X,,,,,,,,,,,,,,,,,,,,,
Keiko,✓,X,X,X,,,,,,,,,,,,,,,,,,,,,
Kapttouzi/黄西瓜,✓,X,X,X,,,,,,,,,,,,,,,,,,,,,
jshawty,✓,X,X,X,,,,,,,,,,,,,,,,,,,,,
jmzillmer,✓,X,X,X,,,,,,,,,,,,,,,,,,,,,
Jeme,✓,X,X,X,,,,,,,,,,,,,,,,,,,,,
izzyfrbi,✓,X,X,X,,,,,,,,,,,,,,,,,,,,,
Irish Wristwatch,✓,X,X,X,,,,,,,,,,,,,,,,,,,,,
hebo-MAI,✓,X,X,X,,,,,,,,,,,,,,,,,,,,,
Grim9898,✓,X,X,X,,,,,,,,,,,,,,,,,,,,,
Gold,X,✓,X,X,,,,,,,,,,,,,,,,,,,,,
Gogo,✓,X,X,X,,,,,,,,,,,,,,,,,,,,,
geosyog,✓,X,X,X,,,,,,,,,,,,,,,,,,,,,
funkynuts5000,✓,X,X,X,,,,,,,,,,,,,,,,,,,,,
FumeNeko,X,✓,X,X,,,,,,,,,,,,,,,,,,,,,
FrothyPizza,✓,X,X,X,,,,,,,,,,,,,,,,,,,,,
Fortissim2,✓,X,X,X,,,,,,,,,,,,,,,,,,,,,
famijoku,✓,X,X,X,,,,,,,,,,,,,,,,,,,,,
evros chris,✓,X,X,X,,,,,,,,,,,,,,,,,,,,,
Error404,✓,X,X,X,,,,,,,,,,,,,,,,,,,,,
ellpArM,✓,X,X,X,,,,,,,,,,,,,,,,,,,,,
Dihydrogen,X,✓,X,X,,,,,,,,,,,,,,,,,,,,,
Demoniction,X,X,✓,X,,,,,,,,,,,,,,,,,,,,,
DAGU3M3NG,✓,X,X,X,,,,,,,,,,,,,,,,,,,,,
Conman,✓,X,X,X,,,,,,,,,,,,,,,,,,,,,
Canadian Bagel,X,✓,X,X,,,,,,,,,,,,,,,,,,,,,
bacchess,✓,X,X,X,,,,,,,,,,,,,,,,,,,,,
arren,✓,X,X,X,,,,,,,,,,,,,,,,,,,,,
Adam M,✓,X,X,X,,,,,,,,,,,,,,,,,,,,,
49083852,✓,X,X,X,,,,,,,,,,,,,,,,,,,,,
3000yosef,X,✓,X,X,,,,,,,,,,,,,,,,,,,,,
,,,,,,,,,,,,,,,,,,,,,,,,
,,,,,,,,,,,,,,,,,,,,,,,,
,,,,,,,,,,,,,,,,,,,,,,,,
,,,,,,,,,,,,,,,,,,,,,,,,
,,,,,,,,,,,,,,,,,,,,,,,,
,,,,,,,,,,,,,,,,,,,,,,,,
,,,,,,,,,,,,,,,,,,,,,,,,
,,,,,,,,,,,,,,,,,,,,,,,,
,,,,,,,,,,,,,,,,,,,,,,,,
,,,,,,,,,,,,,,,,,,,,,,,,
,,,,,,,,,,,,,,,,,,,,,,,,
,,,,,,,,,,,,,,,,,,,,,,,,
,,,,,,,,,,,,,,,,,,,,,,,,
,,,,,,,,,,,,,,,,,,,,,,,,
,,,,,,,,,,,,,,,,,,,,,,,,
,,,,,,,,,,,,,,,,,,,,,,,,
,,,,,,,,,,,,,,,,,,,,,,,,
,,,,,,,,,,,,,,,,,,,,,,,,
,,,,,,,,,,,,,,,,,,,,,,,,
,,,,,,,,,,,,,,,,,,,,,,,,
,,,,,,,,,,,,,,,,,,,,,,,,
,,,,,,,,,,,,,,,,,,,,,,,,
,,,,,,,,,,,,,,,,,,,,,,,,
,,,,,,,,,,,,,,,,,,,,,,,,
,,,,,,,,,,,,,,,,,,,,,,,,
,,,,,,,,,,,,,,,,,,,,,,,,
,,,,,,,,,,,,,,,,,,,,,,,,
,,,,,,,,,,,,,,,,,,,,,,,,
,,,,,,,,,,,,,,,,,,,,,,,,
,,,,,,,,,,,,,,,,,,,,,,,,
,,,,,,,,,,,,,,,,,,,,,,,,
,,,,,,,,,,,,,,,,,,,,,,,,
,,,,,,,,,,,,,,,,,,,,,,,,
,,,,,,,,,,,,,,,,,,,,,,,,
,,,,,,,,,,,,,,,,,,,,,,,,
,,,,,,,,,,,,,,,,,,,,,,,,
,,,,,,,,,,,,,,,,,,,,,,,,
,,,,,,,,,,,,,,,,,,,,,,,,
,,,,,,,,,,,,,,,,,,,,,,,,
,,,,,,,,,,,,,,,,,,,,,,,,
,,,,,,,,,,,,,,,,,,,,,,,,
,,,,,,,,,,,,,,,,,,,,,,,,
,,,,,,,,,,,,,,,,,,,,,,,,
,,,,,,,,,,,,,,,,,,,,,,,,
,,,,,,,,,,,,,,,,,,,,,,,,
,,,,,,,,,,,,,,,,,,,,,,,,
,,,,,,,,,,,,,,,,,,,,,,,,
,,,,,,,,,,,,,,,,,,,,,,,,
,,,,,,,,,,,,,,,,,,,,,,,,
,,,,,,,,,,,,,,,,,,,,,,,,
,,,,,,,,,,,,,,,,,,,,,,,,
,,,,,,,,,,,,,,,,,,,,,,,,
,,,,,,,,,,,,,,,,,,,,,,,,
,,,,,,,,,,,,,,,,,,,,,,,,
,,,,,,,,,,,,,,,,,,,,,,,,
,,,,,,,,,,,,,,,,,,,,,,,,
,,,,,,,,,,,,,,,,,,,,,,,,
,,,,,,,,,,,,,,,,,,,,,,,,
,,,,,,,,,,,,,,,,,,,,,,,,
,,,,,,,,,,,,,,,,,,,,,,,,
,,,,,,,,,,,,,,,,,,,,,,,,
,,,,,,,,,,,,,,,,,,,,,,,,
,,,,,,,,,,,,,,,,,,,,,,,,
,,,,,,,,,,,,,,,,,,,,,,,,
,,,,,,,,,,,,,,,,,,,,,,,,
,,,,,,,,,,,,,,,,,,,,,,,,
,,,,,,,,,,,,,,,,,,,,,,,,
,,,,,,,,,,,,,,,,,,,,,,,,
,,,,,,,,,,,,,,,,,,,,,,,,
,,,,,,,,,,,,,,,,,,,,,,,,
,,,,,,,,,,,,,,,,,,,,,,,,
,,,,,,,,,,,,,,,,,,,,,,,,
,,,,,,,,,,,,,,,,,,,,,,,,
,,,,,,,,,,,,,,,,,,,,,,,,
,,,,,,,,,,,,,,,,,,,,,,,,
,,,,,,,,,,,,,,,,,,,,,,,,
,,,,,,,,,,,,,,,,,,,,,,,,
,,,,,,,,,,,,,,,,,,,,,,,,
,,,,,,,,,,,,,,,,,,,,,,,,
,,,,,,,,,,,,,,,,,,,,,,,,
,,,,,,,,,,,,,,,,,,,,,,,,
,,,,,,,,,,,,,,,,,,,,,,,,
,,,,,,,,,,,,,,,,,,,,,,,,
,,,,,,,,,,,,,,,,,,,,,,,,
,,,,,,,,,,,,,,,,,,,,,,,,
,,,,,,,,,,,,,,,,,,,,,,,,
,,,,,,,,,,,,,,,,,,,,,,,,
,,,,,,,,,,,,,,,,,,,,,,,,
,,,,,,,,,,,,,,,,,,,,,,,,
,,,,,,,,,,,,,,,,,,,,,,,,
,,,,,,,,,,,,,,,,,,,,,,,,
,,,,,,,,,,,,,,,,,,,,,,,,
,,,,,,,,,,,,,,,,,,,,,,,,
,,,,
